date,symbol,name,client,buy_sell,quantity,price,value,remarks
2026-10-08,ITC,ITC,GOLDMAN SACHS TRUST IIGOLDMAN SACHS GQG PARTNERS INTL OPPORTUNITIES FUND,SELL,194029943,257.35,49933605831.05,BSE · Bulk
2026-10-08,ITC,ITC,FIDELITY ADVISOR SERIES VIII- FIDELITY ADVISOR OVERSEAS FUND,BUY,134000000,257.35,34484900000.0,BSE · Block
2026-10-08,ITC,ITC,GQG PARTNERS EMERGING MARKETS EQUITY FD A SERIES OF GQG PARTNERS SERIES LLC,SELL,134000000,257.35,34484900000.0,BSE · Block
2026-10-08,ITC,ITC,ICICI PRUDENTIAL MUTUAL FUND,BUY,94011074,257.35,24193749893.9,BSE · Block
2026-10-08,ITC,ITC,GQG PARTNERS EMERGING MARKETS EQUITY FD A SERIES OF GQG PARTNERS SERIES LLC,SELL,94011074,257.35,24193749893.9,BSE · Block
2026-10-08,ITC,ITC,GQG PARTNERS EMERGING MARKETS EQUITY FUND,SELL,71468981,257.35,18392542260.350002,BSE · Bulk
2026-10-08,ITC,ITC,SBI MUTUAL FUND,BUY,37604429,257.35,9677499803.150002,BSE · Block
2026-10-08,ITC,ITC,GQG PARTNERS EMERGING MARKETS EQUITY FD A SERIES OF GQG PARTNERS SERIES LLC,SELL,37604429,257.35,9677499803.150002,BSE · Block
2026-10-08,ITC,ITC,NIPPON INDIA MUTUAL FUND,BUY,27047256,257.35,6960611331.6,BSE · Block
2026-10-08,ITC,ITC,GQG PARTNERS EMERGING MARKETS EQUITY FD A SERIES OF GQG PARTNERS SERIES LLC,SELL,27047256,257.35,6960611331.6,BSE · Block
2026-10-08,ITC,ITC,CITIGROUP GLOBAL MARKETS SINGAPORE PTE LIMITED,BUY,14570000,257.35,3749589500.0000005,BSE · Block
2026-10-08,ITC,ITC,GQG PARTNERS EMERGING MARKETS EQUITY FD A SERIES OF GQG PARTNERS SERIES LLC,SELL,14570000,257.35,3749589500.0000005,BSE · Block
2026-10-08,ICICIBANK,ICICI Bank,PI OPPORTUNITIES AIF V LLP,BUY,1921581,1343.0,2580683283.0,NSE · Block
2026-10-08,ICICIBANK,ICICI Bank,PIONEER INVESTMENT FUND SCHEME II,SELL,1921581,1343.0,2580683283.0,NSE · Block
2026-10-08,ITC,ITC,EDELWEISS MUTUAL FUND,BUY,9714396,257.35,2499999810.6000004,BSE · Block
2026-10-08,ITC,ITC,GQG PARTNERS EMERGING MARKETS EQUITY FD A SERIES OF GQG PARTNERS SERIES LLC,SELL,9714396,257.35,2499999810.6000004,BSE · Block
2026-10-08,RELIANCE,Reliance Industries,PI OPPORTUNITIES AIF V LLP,BUY,2040212,1176.0,2399289312.0,NSE · Block
2026-10-08,RELIANCE,Reliance Industries,PIONEER INVESTMENT FUND SCHEME II,SELL,2040212,1176.0,2399289312.0,NSE · Block
2026-10-08,ITC,ITC,MIRAE ASSET MUTUAL FUND,BUY,9286963,257.35,2389999928.05,BSE · Block
2026-10-08,ITC,ITC,GQG PARTNERS EMERGING MARKETS EQUITY FD A SERIES OF GQG PARTNERS SERIES LLC,SELL,9286963,257.35,2389999928.05,BSE · Block
2026-10-08,ITC,ITC,CITIGROUP GLOBAL MARKETS SINGAPORE PTE LIMITED,BUY,7520885,257.35,1935499754.7500002,BSE · Block
2026-10-08,ITC,ITC,GHISALLO MASTER FUND LP,BUY,7520885,257.35,1935499754.7500002,BSE · Block
2026-10-08,ITC,ITC,GQG PARTNERS EMERGING MARKETS EQUITY FD A SERIES OF GQG PARTNERS SERIES LLC,SELL,7520885,257.35,1935499754.7500002,BSE · Block
2026-10-08,ITC,ITC,GQG PARTNERS EMERGING MARKETS EQUITY FD A SERIES OF GQG PARTNERS SERIES LLC,SELL,7520885,257.35,1935499754.7500002,BSE · Block
2026-10-08,ITC,ITC,BNP PARIBAS ARBITRAGE,BUY,7286821,257.35,1875263384.3500001,BSE · Block
2026-10-08,ITC,ITC,GQG PARTNERS EMERGING MARKETS EQUITY FD A SERIES OF GQG PARTNERS SERIES LLC,SELL,7286821,257.35,1875263384.3500001,BSE · Block
2026-10-08,ITC,ITC,ICICI PRUDENTIAL LIFE INSURANCE COMPANY LIMITED,BUY,6217213,257.35,1599999765.5500002,BSE · Block
2026-10-08,ITC,ITC,GQG PARTNERS EMERGING MARKETS EQUITY FD A SERIES OF GQG PARTNERS SERIES LLC,SELL,6217213,257.35,1599999765.5500002,BSE · Block
2026-10-08,KAJARIACER,Kajaria Ceramics,PI OPPORTUNITIES AIF V LLP,BUY,1128464,1211.0,1366569904.0,NSE · Bulk
2026-10-08,KAJARIACER,Kajaria Ceramics,PIONEER INVESTMENT FUND SCHEME II,SELL,1128464,1211.0,1366569904.0,NSE · Bulk
2026-10-08,KAJARIACER,Kajaria Ceramics,PI OPPORTUNITIES AIF V LLP,BUY,1128464,1211.0,1366569904.0,NSE · Block
2026-10-08,KAJARIACER,Kajaria Ceramics,PIONEER INVESTMENT FUND SCHEME II,SELL,1128464,1211.0,1366569904.0,NSE · Block
2026-10-08,SBILIFE,SBI Life Insurance ,PI OPPORTUNITIES AIF V LLP,BUY,642153,1671.0,1073037663.0,NSE · Block
2026-10-08,SBILIFE,SBI Life Insurance ,PIONEER INVESTMENT FUND SCHEME II,SELL,642153,1671.0,1073037663.0,NSE · Block
2026-10-08,ITC,ITC,ADITYA BIRLA SUN LIFE MUTUAL FUND,BUY,3760442,257.35,967749748.7,BSE · Block
2026-10-08,ITC,ITC,GQG PARTNERS EMERGING MARKETS EQUITY FD A SERIES OF GQG PARTNERS SERIES LLC,SELL,3760442,257.35,967749748.7,BSE · Block
2026-10-08,ITC,ITC,KOTAK MAHINDRA MUTUAL FUND,BUY,3629538,257.35,934061604.3000001,BSE · Block
2026-10-08,ITC,ITC,GQG PARTNERS EMERGING MARKETS EQUITY FD A SERIES OF GQG PARTNERS SERIES LLC,SELL,3629538,257.35,934061604.3000001,BSE · Block
2026-10-08,ITC,ITC,BAJAJ LIFE INSURANCE LIMITED,BUY,2914319,257.35,749999994.6500001,BSE · Block
2026-10-08,ITC,ITC,GQG PARTNERS EMERGING MARKETS EQUITY FD A SERIES OF GQG PARTNERS SERIES LLC,SELL,2914319,257.35,749999994.6500001,BSE · Block
2026-10-08,ITC,ITC,MORGAN STANLEY ASIA SINGAPORE PTE,BUY,1611076,257.35,414610408.6,BSE · Block
2026-10-08,ITC,ITC,ALLIANCE WITAN PLC,SELL,1611076,257.35,414610408.6,BSE · Block
2026-10-01,TARIL,Transformers & Rectifiers,MICROCURVES TRADING PRIVATE LIMITED,SELL,3166656,288.74,914340253.44,NSE · Bulk
2026-10-01,TARIL,Transformers & Rectifiers,MICROCURVES TRADING PRIVATE LIMITED,BUY,3166656,288.61,913928588.1600001,NSE · Bulk
2026-10-01,NUVAMA,Nuvama Wealth,PABRAI WAGONS ETF,BUY,520420,1652.5,859994050.0,NSE · Block
2026-10-01,NUVAMA,Nuvama Wealth,PABRAI WAGONS FUND,SELL,520420,1652.5,859994050.0,NSE · Block
2026-10-01,TARIL,Transformers & Rectifiers,ALPHAGREP SECURITIES PRIVATE LIMITED,BUY,1730595,289.61,501197617.95000005,NSE · Bulk
2026-10-01,TARIL,Transformers & Rectifiers,ALPHAGREP SECURITIES PRIVATE LIMITED,SELL,1730595,289.47,500955334.65000004,NSE · Bulk
2026-10-01,TARIL,Transformers & Rectifiers,JUMP TRADING FINANCIAL INDIA PRIVATE LIMITED,BUY,1644556,289.76,476526546.56,NSE · Bulk
2026-10-01,TARIL,Transformers & Rectifiers,JUMP TRADING FINANCIAL INDIA PRIVATE LIMITED,SELL,1644556,288.73,474832653.88000005,NSE · Bulk
2026-10-01,TARIL,Transformers & Rectifiers,QE SECURITIES LLP,BUY,1588731,290.38,461335707.78,NSE · Bulk
2026-10-01,TARIL,Transformers & Rectifiers,QE SECURITIES LLP,SELL,1573334,290.15,456502860.09999996,NSE · Bulk
